{"root":[{"assemblyName":"Assembly-CSharp","nameSpace":"","className":"BaseSceneAutoLoader","methodName":"LoadBaseScene","loadTypes":1,"isUnityClass":false},{"assemblyName":"Assembly-CSharp","nameSpace":"","className":"Scenario\u30ef\u30f3\u30eb\u30fc\u30e0","methodName":"Init","loadTypes":4,"isUnityClass":false},{"assemblyName":"Assembly-CSharp","nameSpace":"","className":"Scenario\u793e\u755c","methodName":"Init","loadTypes":4,"isUnityClass":false},{"assemblyName":"Unity.RenderPipelines.Universal.Runtime","nameSpace":"UnityEngine.Rendering.Universal","className":"XRSystem","methodName":"XRSystemInit","loadTypes":3,"isUnityClass":true},{"assemblyName":"Unity.RenderPipelines.Core.Runtime","nameSpace":"UnityEngine.Rendering","className":"DebugUpdater","methodName":"RuntimeInit","loadTypes":0,"isUnityClass":true}]}
